                  epoch,         train/box_loss,         train/cls_loss,         train/dfl_loss,   metrics/precision(B),      metrics/recall(B),       metrics/mAP50(B),    metrics/mAP50-95(B),           val/box_loss,           val/cls_loss,           val/dfl_loss,                 lr/pg0,                 lr/pg1,                 lr/pg2
                      1,                0.01486,                 6.2096,                 1.6479,                  5e-05,                0.01667,                  3e-05,                  1e-05,                0.01944,                 6.8876,                 2.5655,               0.098831,               0.011831,               0.011831
                      2,                0.01494,                 5.0788,                 1.5851,                0.00018,                   0.05,                 0.0001,                  4e-05,                0.02133,                 6.5718,                 2.3882,               0.097515,               0.024515,               0.024515
                      3,                 0.0171,                 4.7759,                 1.6628,                0.00101,                0.29167,                0.04458,                0.01073,                0.01527,                 5.6581,                 1.5547,               0.096139,               0.037139,               0.037139
                      4,                0.01795,                 4.5855,                  1.848,                0.00092,                 0.2625,                0.03911,                 0.0173,                0.02328,                 7.2389,                 3.3799,               0.094705,               0.049705,               0.049705
                      5,                0.01856,                 5.0429,                 1.8072,                 0.0254,                0.19167,                0.01695,                0.00381,                0.02151,                  12.78,                 2.6158,               0.093211,               0.062211,               0.062211
                      6,                0.01856,                 5.9446,                 2.0777,                0.00046,                   0.15,                0.00031,                 0.0001,                0.03176,                 7.5335,                 4.6011,               0.091657,               0.074657,               0.074657
                      7,                0.01934,                 5.0795,                 2.0949,                0.00104,                0.29583,                0.00375,                0.00139,                  0.028,                    inf,                 19.755,               0.090045,               0.087045,               0.087045
                      8,                0.02051,                 5.1999,                 2.1289,                0.24661,                0.15417,                0.08727,                0.02591,                0.02041,                 7.4499,                 2.4875,               0.089525,               0.089525,               0.089525
                      9,                0.01991,                 4.9643,                 2.0147,                0.14668,                 0.0375,                0.03516,                0.00565,                0.02621,                 6.7088,                 3.8262,               0.089314,               0.089314,               0.089314
                     10,                0.02021,                 5.0917,                 1.9491,                0.07106,                0.08333,                0.05301,                0.01278,                0.02024,                 9.4804,                 2.6998,               0.089102,               0.089102,               0.089102
                     11,                 0.0193,                 4.8954,                 1.9823,                0.00145,                0.25833,                0.00136,                0.00025,                 0.0268,                 26.068,                 3.1801,                0.08889,                0.08889,                0.08889
                     12,                0.02149,                 4.9152,                 2.1277,                0.00135,                0.30833,                0.00261,                 0.0008,                0.02148,                 6.3527,                 2.5863,               0.088678,               0.088678,               0.088678
                     13,                0.02074,                 4.8337,                 2.1304,                0.00832,                 0.5875,                0.02238,                0.00738,                0.02003,                 5.3746,                 2.1914,               0.088467,               0.088467,               0.088467
                     14,                 0.0202,                 4.6907,                 2.0437,                0.00405,                 0.0875,                0.00206,                0.00045,                0.02539,                 52.494,                 2.8023,               0.088255,               0.088255,               0.088255
                     15,                0.01903,                 4.3558,                 1.8913,                 0.1188,                 0.0375,                  0.017,                  0.003,                0.01805,                 5.3324,                 2.0583,               0.088043,               0.088043,               0.088043
                     16,                0.01946,                 4.3152,                 1.9808,                0.22174,                 0.2375,                0.13314,                0.04623,                0.01952,                 7.1005,                 1.8841,               0.087832,               0.087832,               0.087832
                     17,                0.01857,                 4.2487,                 1.8279,                 0.5079,                 0.0375,                0.04036,                0.01409,                0.01911,                  7.366,                 2.1225,                0.08762,                0.08762,                0.08762
                     18,                 0.0178,                 4.3541,                 1.8187,                0.00713,                0.79167,                0.18571,                0.07132,                0.01705,                 4.3516,                 1.8386,               0.087408,               0.087408,               0.087408
                     19,                0.01759,                 4.1526,                  1.828,                0.31451,                0.32083,                 0.2642,                0.13794,                0.01417,                 3.4059,                 1.4051,               0.087197,               0.087197,               0.087197
                     20,                0.01702,                 3.8388,                 1.8029,                0.35836,                0.30833,                0.22777,                0.08322,                0.01845,                 3.7415,                 1.7608,               0.086985,               0.086985,               0.086985
                     21,                0.01839,                 3.8061,                  1.986,                0.26325,                0.20936,                 0.1737,                0.05402,                0.01826,                 6.7615,                  2.016,               0.086773,               0.086773,               0.086773
                     22,                0.01905,                 4.0058,                 1.8492,                0.00337,                0.95833,                0.24311,                0.09039,                0.01657,                  3.375,                 1.8235,               0.086562,               0.086562,               0.086562
                     23,                0.01786,                 3.9802,                 1.8415,                0.02263,                0.64583,                0.02609,                0.00844,                0.01637,                 4.9906,                 1.6774,                0.08635,                0.08635,                0.08635
                     24,                0.01802,                 3.6367,                 1.8806,                0.36523,                  0.425,                0.26661,                0.08758,                0.01862,                 4.1974,                 1.8015,               0.086138,               0.086138,               0.086138
                     25,                 0.0197,                 3.6171,                 1.9992,                0.10464,                 0.3875,                0.17142,                0.07532,                0.01792,                 3.8378,                 1.6668,               0.085927,               0.085927,               0.085927
                     26,                0.01675,                 3.2965,                 1.6915,                0.06975,                0.70833,                0.20681,                0.06935,                0.01938,                 3.7782,                 1.8068,               0.085715,               0.085715,               0.085715
                     27,                 0.0175,                 3.4539,                 1.8365,                0.15444,                0.47917,                0.29227,                0.11985,                0.01592,                 2.7906,                 1.6134,               0.085503,               0.085503,               0.085503
                     28,                0.01742,                 3.2679,                 1.7931,                0.22866,                0.31667,                0.22942,                0.11405,                0.01526,                  3.128,                 1.5599,               0.085291,               0.085291,               0.085291
                     29,                0.01578,                 3.1039,                 1.6783,                0.31147,                0.49476,                0.34728,                0.12921,                0.01626,                  2.839,                 1.4865,                0.08508,                0.08508,                0.08508
                     30,                0.01658,                 3.1377,                 1.6825,                0.40049,                0.45833,                0.41573,                0.20496,                0.01412,                 2.4785,                 1.3352,               0.084868,               0.084868,               0.084868
                     31,                0.01683,                 3.0463,                 1.6669,                0.39023,                0.47052,                0.42507,                0.15842,                0.01677,                 2.7206,                 1.6362,               0.084656,               0.084656,               0.084656
                     32,                 0.0162,                 3.0843,                 1.6375,                0.24239,                0.45417,                0.38227,                0.20358,                0.01402,                 2.4644,                 1.3574,               0.084445,               0.084445,               0.084445
                     33,                0.01609,                 2.8374,                 1.6502,                0.18982,                0.80417,                0.32407,                0.13035,                0.01593,                 2.8653,                 1.5867,               0.084233,               0.084233,               0.084233
                     34,                0.01589,                 3.1764,                 1.6608,                0.37609,                    0.5,                0.32723,                0.14282,                0.01399,                 3.3263,                 1.3425,               0.084021,               0.084021,               0.084021
                     35,                 0.0154,                 2.9884,                 1.5489,                0.24351,                0.43333,                0.31522,                0.12092,                0.01569,                 2.7181,                 1.5677,                0.08381,                0.08381,                0.08381
                     36,                0.01491,                 2.7368,                  1.586,                0.38433,                0.46115,                0.43643,                 0.1739,                 0.0167,                 2.4199,                 1.5587,               0.083598,               0.083598,               0.083598
                     37,                0.01541,                 2.8857,                 1.6044,                0.19074,                0.72083,                0.31302,                0.11097,                0.01608,                 2.7283,                 1.6849,               0.083386,               0.083386,               0.083386
                     38,                0.01484,                 2.7436,                 1.5452,                0.46387,                0.53845,                0.40738,                0.22343,                0.01295,                 2.6891,                 1.4134,               0.083175,               0.083175,               0.083175
                     39,                0.01525,                 2.8055,                  1.612,                0.39134,                0.52637,                 0.3762,                0.10626,                0.01769,                 3.0166,                 1.6904,               0.082963,               0.082963,               0.082963
                     40,                0.01587,                 2.8721,                 1.6553,                0.43061,                0.64167,                 0.4241,                0.21313,                0.01419,                 2.7074,                  1.403,               0.082751,               0.082751,               0.082751
                     41,                0.01602,                 2.7896,                 1.6322,                0.44615,                0.68743,                0.45189,                0.21056,                0.01377,                 2.4398,                 1.4323,               0.082539,               0.082539,               0.082539
                     42,                0.01547,                  2.625,                 1.6177,                0.43036,                 0.6983,                 0.4578,                0.22063,                0.01277,                 2.8733,                  1.372,               0.082328,               0.082328,               0.082328
                     43,                0.01481,                 2.6557,                 1.5919,                0.30377,                 0.7125,                0.37255,                0.15504,                 0.0128,                 2.5733,                 1.3719,               0.082116,               0.082116,               0.082116
                     44,                0.01483,                 2.5899,                 1.6144,                0.38595,                 0.7625,                0.47611,                0.19029,                0.01531,                 2.2384,                 1.5637,               0.081904,               0.081904,               0.081904
                     45,                0.01465,                 2.4208,                 1.5627,                0.43423,                0.56996,                 0.4453,                0.19761,                0.01506,                 2.4399,                 1.4784,               0.081693,               0.081693,               0.081693
                     46,                0.01568,                 2.4922,                 1.6643,                0.37361,                 0.6717,                0.43849,                0.19682,                0.01531,                 2.2567,                 1.6076,               0.081481,               0.081481,               0.081481
                     47,                0.01538,                 2.5428,                 1.5852,                 0.4661,                0.69913,                0.47006,                0.21947,                0.01444,                 2.4748,                 1.4353,               0.081269,               0.081269,               0.081269
                     48,                 0.0147,                 2.4924,                 1.5513,                0.38875,                0.80216,                0.48183,                0.27109,                0.01222,                 2.0215,                 1.2753,               0.081058,               0.081058,               0.081058
                     49,                0.01523,                 2.4536,                 1.5971,                0.38968,                0.40833,                0.35303,                0.16696,                0.01504,                  2.916,                 1.4342,               0.080846,               0.080846,               0.080846
                     50,                0.01451,                 2.4506,                 1.5323,                 0.4361,                0.80832,                0.51603,                0.28166,                 0.0135,                 2.1725,                 1.3843,               0.080634,               0.080634,               0.080634
                     51,                0.01507,                 2.4366,                 1.6063,                0.42814,                0.77917,                0.52869,                0.26801,                0.01369,                 2.0925,                 1.3523,               0.080423,               0.080423,               0.080423
                     52,                0.01389,                 2.4252,                 1.4802,                 0.3929,                0.62917,                0.49959,                0.22976,                 0.0134,                  2.393,                 1.3922,               0.080211,               0.080211,               0.080211
                     53,                 0.0141,                 2.3518,                 1.5175,                0.34785,                 0.8375,                 0.4905,                0.20681,                0.01554,                 2.1885,                 1.5329,               0.079999,               0.079999,               0.079999
                     54,                0.01441,                 2.5759,                 1.5431,                0.40329,                0.81667,                0.51395,                0.27982,                0.01183,                 2.0782,                 1.2899,               0.079788,               0.079788,               0.079788
                     55,                0.01374,                 2.3822,                 1.4965,                0.45033,                0.74583,                0.46226,                0.25913,                  0.013,                 2.1222,                  1.305,               0.079576,               0.079576,               0.079576
                     56,                0.01406,                 2.3372,                 1.4944,                0.43506,                0.54167,                0.48754,                0.29692,                0.01147,                  2.232,                 1.2639,               0.079364,               0.079364,               0.079364
                     57,                0.01382,                 2.4768,                 1.4949,                0.45623,                0.60212,                0.49174,                0.24552,                0.01291,                 2.2867,                 1.3427,               0.079152,               0.079152,               0.079152
                     58,                0.01446,                 2.3078,                 1.5356,                 0.4032,                0.69222,                0.47818,                0.23211,                0.01434,                 2.1749,                 1.4438,               0.078941,               0.078941,               0.078941
                     59,                0.01422,                 2.2894,                 1.5167,                0.45602,                0.49167,                0.41509,                 0.1941,                0.01463,                 2.6721,                 1.4967,               0.078729,               0.078729,               0.078729
                     60,                0.01393,                 2.2913,                 1.4992,                0.45173,                0.70833,                 0.4871,                0.23125,                0.01447,                 2.0835,                 1.4235,               0.078517,               0.078517,               0.078517
                     61,                0.01395,                 2.3541,                 1.4729,                0.44485,                0.78089,                0.48506,                0.26891,                0.01214,                 1.9812,                 1.2886,               0.078306,               0.078306,               0.078306
                     62,                0.01469,                  2.281,                 1.5823,                0.41156,                0.73969,                0.45015,                  0.244,                0.01311,                 2.1703,                 1.3112,               0.078094,               0.078094,               0.078094
                     63,                0.01399,                 2.2755,                 1.5091,                0.40464,                0.70833,                0.46646,                0.23942,                0.01338,                 2.0575,                 1.3838,               0.077882,               0.077882,               0.077882
                     64,                0.01319,                 2.2255,                 1.4397,                0.42776,                0.75833,                0.52252,                0.27239,                0.01374,                 1.9523,                  1.348,               0.077671,               0.077671,               0.077671
                     65,                0.01453,                 2.2365,                 1.5315,                 0.4331,                 0.8125,                0.52026,                0.27382,                0.01279,                 2.0983,                 1.3337,               0.077459,               0.077459,               0.077459
                     66,                0.01352,                 2.2851,                 1.4736,                0.41914,                0.60978,                0.41998,                0.25474,                0.01229,                 2.1923,                 1.3386,               0.077247,               0.077247,               0.077247
                     67,                0.01217,                 2.1401,                 1.3666,                0.43615,                0.56832,                0.40438,                   0.21,                0.01389,                 2.3826,                  1.389,               0.077036,               0.077036,               0.077036
                     68,                0.01333,                 2.1288,                 1.4512,                0.40824,                0.79583,                0.51361,                0.31714,                0.01106,                 1.9547,                 1.2296,               0.076824,               0.076824,               0.076824
                     69,                0.01419,                 2.2835,                 1.5274,                0.45888,                 0.7625,                 0.5347,                0.23399,                 0.0161,                 2.0067,                 1.6219,               0.076612,               0.076612,               0.076612
                     70,                0.01337,                 2.1266,                 1.4999,                0.45824,                0.65218,                0.46376,                0.25869,                0.01292,                  2.313,                 1.3506,                 0.0764,                 0.0764,                 0.0764
                     71,                0.01352,                 2.2515,                 1.4833,                0.43598,                0.76138,                0.54203,                0.27763,                0.01409,                 2.0526,                 1.4413,               0.076189,               0.076189,               0.076189
                     72,                0.01448,                 2.2232,                 1.5398,                0.43961,                   0.55,                0.40445,                0.21589,                0.01512,                 2.8565,                  1.505,               0.075977,               0.075977,               0.075977
                     73,                0.01361,                 2.2914,                  1.494,                0.40393,                0.70417,                0.47286,                0.27498,                0.01175,                 2.0122,                 1.2577,               0.075765,               0.075765,               0.075765
                     74,                0.01461,                 2.2747,                 1.5311,                0.41304,                0.80417,                0.48089,                0.24511,                0.01461,                 2.0459,                 1.4316,               0.075554,               0.075554,               0.075554
                     75,                0.01364,                 2.2474,                 1.4709,                0.44351,                0.77083,                0.50069,                0.31488,                0.01114,                 1.7887,                 1.2282,               0.075342,               0.075342,               0.075342
                     76,                0.01287,                 2.2048,                  1.417,                 0.4444,                0.76667,                0.49497,                0.28116,                0.01246,                 1.9541,                 1.2917,                0.07513,                0.07513,                0.07513
                     77,                0.01381,                 2.1275,                 1.4686,                0.45641,                0.78333,                0.47984,                0.23242,                0.01447,                 2.1021,                 1.3985,               0.074919,               0.074919,               0.074919
                     78,                 0.0133,                 2.0717,                  1.427,                0.47834,                0.80833,                0.51972,                0.28724,                 0.0138,                 1.8471,                 1.4097,               0.074707,               0.074707,               0.074707
                     79,                0.01367,                 1.9857,                 1.4863,                0.45803,                0.81088,                0.51383,                0.30098,                0.01242,                 1.7868,                 1.2616,               0.074495,               0.074495,               0.074495
                     80,                0.01228,                 2.0611,                 1.3574,                0.44865,                0.85417,                0.55957,                0.31668,                0.01186,                 1.9487,                 1.2703,               0.074284,               0.074284,               0.074284
                     81,                0.01314,                 2.0704,                  1.435,                0.40554,                0.74644,                0.48577,                0.18501,                0.01727,                  1.992,                 1.6487,               0.074072,               0.074072,               0.074072
                     82,                0.01323,                 2.1518,                 1.4609,                0.44962,                0.78333,                0.52513,                0.30732,                0.01301,                 1.9329,                 1.3231,                0.07386,                0.07386,                0.07386
                     83,                0.01274,                 2.0582,                 1.4284,                0.45228,                0.80417,                0.51099,                0.27749,                0.01364,                 1.9219,                 1.3458,               0.073649,               0.073649,               0.073649
                     84,                0.01318,                 2.1216,                 1.4508,                0.45376,                0.84167,                0.51606,                0.29096,                0.01336,                 1.8756,                 1.3364,               0.073437,               0.073437,               0.073437
                     85,                0.01319,                  2.094,                 1.4576,                0.43059,                0.85833,                0.48298,                0.29605,                0.01194,                  1.815,                 1.2736,               0.073225,               0.073225,               0.073225
                     86,                0.01306,                 2.0993,                 1.4666,                0.43805,                 0.8625,                0.47751,                0.27809,                0.01235,                 1.8534,                 1.3095,               0.073013,               0.073013,               0.073013
                     87,                 0.0131,                 2.0903,                 1.4779,                0.45051,                0.67635,                0.43262,                 0.2653,                0.01152,                 2.1161,                 1.2849,               0.072802,               0.072802,               0.072802
                     88,                0.01318,                  2.018,                 1.4798,                0.41094,                0.85833,                0.50478,                 0.2686,                0.01332,                 1.9811,                 1.3575,                0.07259,                0.07259,                0.07259
                     89,                0.01235,                 1.9846,                 1.3724,                0.42619,                0.87917,                0.48344,                0.28376,                0.01122,                 1.7732,                  1.234,               0.072378,               0.072378,               0.072378
                     90,                0.01262,                   2.03,                 1.4131,                0.45387,                0.81976,                0.51451,                0.26895,                0.01394,                 1.8293,                 1.4136,               0.072167,               0.072167,               0.072167
                     91,                0.01326,                 1.9967,                 1.4556,                0.42674,                0.80905,                0.52634,                0.27143,                0.01402,                 1.7619,                 1.3719,               0.071955,               0.071955,               0.071955
                     92,                0.01281,                 2.0143,                 1.4604,                0.44598,                0.82444,                0.50423,                0.32394,                0.01112,                 1.6908,                 1.2271,               0.071743,               0.071743,               0.071743
                     93,                0.01275,                 2.0734,                 1.4172,                0.38955,                0.09583,                0.09141,                0.04823,                0.01664,                  5.406,                 1.7187,               0.071532,               0.071532,               0.071532
                     94,                0.01278,                 2.0187,                 1.4385,                0.41826,                 0.8375,                0.52148,                0.28731,                0.01343,                 1.7922,                 1.3275,                0.07132,                0.07132,                0.07132
                     95,                0.01259,                 1.9866,                 1.4195,                0.44017,                 0.7625,                0.53163,                0.26816,                0.01412,                 1.8358,                  1.397,               0.071108,               0.071108,               0.071108
                     96,                0.01327,                 1.9249,                 1.4765,                0.48248,                0.75572,                0.51692,                0.25569,                0.01509,                 1.8847,                 1.4709,               0.070897,               0.070897,               0.070897
                     97,                0.01299,                 2.0082,                 1.4249,                0.42657,                0.86667,                0.52322,                 0.3058,                0.01235,                 1.8286,                    1.3,               0.070685,               0.070685,               0.070685
                     98,                0.01222,                 1.9839,                 1.4036,                0.50839,                0.80211,                0.50705,                0.28713,                0.01326,                 2.0034,                 1.3554,               0.070473,               0.070473,               0.070473
                     99,                0.01273,                  2.013,                 1.4166,                0.43238,                0.79031,                0.48683,                0.19384,                0.01757,                 1.9654,                 1.6505,               0.070261,               0.070261,               0.070261
                    100,                0.01321,                 1.8938,                 1.4563,                0.48389,                0.77324,                0.55685,                0.34757,                0.01196,                  1.768,                 1.3036,                0.07005,                0.07005,                0.07005
                    101,                0.01288,                   1.93,                 1.4353,                0.49729,                0.64167,                0.48374,                0.26646,                0.01285,                 2.0308,                 1.3332,               0.069838,               0.069838,               0.069838
                    102,                0.01326,                 1.9711,                 1.4749,                 0.4496,                0.77788,                0.47031,                0.25456,                0.01328,                 1.9816,                 1.3645,               0.069626,               0.069626,               0.069626
                    103,                0.01286,                 2.0021,                 1.4252,                0.45299,                0.72083,                0.52585,                0.26147,                0.01451,                 1.8487,                 1.4042,               0.069415,               0.069415,               0.069415
                    104,                0.01238,                 1.9983,                 1.3897,                0.44612,                0.83955,                0.55684,                0.36646,                0.01032,                 1.6261,                 1.1819,               0.069203,               0.069203,               0.069203
                    105,                0.01249,                 1.9374,                 1.4004,                0.45229,                0.79552,                0.54464,                0.26974,                0.01367,                  1.805,                 1.3812,               0.068991,               0.068991,               0.068991
                    106,                0.01266,                 1.9611,                 1.4138,                 0.4696,                0.84511,                0.54302,                0.25267,                0.01593,                 1.8311,                 1.5526,                0.06878,                0.06878,                0.06878
                    107,                0.01339,                 1.9457,                 1.4539,                0.44293,                0.86146,                0.52538,                0.31141,                0.01213,                 1.7075,                 1.2674,               0.068568,               0.068568,               0.068568
                    108,                0.01323,                 1.9275,                 1.4674,                0.46072,                0.71667,                0.50515,                0.27272,                0.01393,                 2.0156,                 1.3892,               0.068356,               0.068356,               0.068356
                    109,                0.01283,                 1.8907,                 1.4038,                0.43369,                0.87917,                0.57436,                0.35159,                0.01143,                 1.7369,                 1.2563,               0.068145,               0.068145,               0.068145
                    110,                0.01264,                 1.8781,                 1.4001,                0.47089,                  0.825,                 0.5599,                0.29635,                0.01395,                 1.7012,                 1.3782,               0.067933,               0.067933,               0.067933
                    111,                0.01269,                 1.8579,                 1.4068,                  0.455,                 0.8375,                 0.5398,                0.23816,                0.01618,                 1.7827,                 1.4835,               0.067721,               0.067721,               0.067721
                    112,                0.01229,                 1.8804,                 1.3752,                0.46317,                0.67356,                0.47637,                0.23513,                0.01371,                  2.353,                 1.3855,                0.06751,                0.06751,                0.06751
                    113,                0.01241,                 1.9161,                 1.4111,                0.45001,                0.81667,                0.54138,                0.32892,                0.01257,                 1.8024,                 1.2911,               0.067298,               0.067298,               0.067298
                    114,                0.01204,                 1.9445,                 1.3715,                0.45766,                0.75417,                0.49325,                0.28441,                0.01249,                 2.0059,                 1.3411,               0.067086,               0.067086,               0.067086
                    115,                0.01212,                 1.8523,                 1.3833,                0.46151,                 0.7875,                0.51678,                0.27793,                0.01461,                 1.8165,                 1.3892,               0.066874,               0.066874,               0.066874
                    116,                0.01193,                 1.9259,                 1.3641,                0.45615,                0.80511,                0.57308,                0.27252,                0.01512,                  1.849,                  1.438,               0.066663,               0.066663,               0.066663
                    117,                0.01249,                 1.9522,                 1.4121,                0.45102,                 0.8375,                0.53233,                0.24445,                0.01675,                 1.7793,                  1.521,               0.066451,               0.066451,               0.066451
                    118,                0.01212,                 1.9714,                 1.3776,                0.43673,                0.83719,                0.53147,                 0.2625,                0.01431,                 1.8204,                 1.4214,               0.066239,               0.066239,               0.066239
                    119,                0.01225,                 1.8581,                 1.3869,                0.45585,                0.80833,                0.53959,                0.29964,                0.01287,                 1.7861,                 1.3176,               0.066028,               0.066028,               0.066028
                    120,                0.01193,                 1.8469,                 1.3702,                0.49548,                 0.7625,                0.52093,                0.27969,                0.01376,                 1.8111,                  1.385,               0.065816,               0.065816,               0.065816
                    121,                 0.0113,                 1.7881,                 1.3307,                0.45526,                0.84167,                0.55915,                0.33572,                0.01266,                 1.6407,                 1.3421,               0.065604,               0.065604,               0.065604
                    122,                0.01232,                 1.8563,                 1.4434,                0.46539,                0.90444,                0.53479,                 0.3048,                 0.0125,                  1.596,                 1.2621,               0.065393,               0.065393,               0.065393
                    123,                 0.0121,                 1.8668,                 1.3901,                0.47013,                0.88292,                0.52666,                 0.3062,                0.01243,                 1.7309,                 1.3044,               0.065181,               0.065181,               0.065181
                    124,                0.01212,                 1.8676,                 1.3924,                0.41371,                0.68333,                0.47081,                 0.2576,                0.01379,                 1.9814,                 1.4258,               0.064969,               0.064969,               0.064969
                    125,                0.01207,                 1.8636,                 1.3817,                0.49269,                  0.896,                0.52494,                0.29448,                0.01293,                 1.6663,                  1.319,               0.064758,               0.064758,               0.064758
                    126,                0.01237,                 1.8376,                 1.4119,                 0.4813,                0.80314,                0.55228,                0.26582,                0.01559,                 1.7297,                 1.4939,               0.064546,               0.064546,               0.064546
                    127,                0.01289,                 1.9451,                 1.4455,                0.41793,                0.90895,                0.49202,                0.29143,                 0.0128,                 1.7531,                 1.3414,               0.064334,               0.064334,               0.064334
                    128,                0.01171,                 1.8169,                 1.3488,                0.46054,                0.86667,                0.56947,                0.32736,                0.01275,                 1.7313,                 1.3264,               0.064122,               0.064122,               0.064122
                    129,                0.01237,                 1.8188,                 1.4075,                0.44318,                    0.8,                0.51703,                0.28445,                0.01324,                 1.7525,                 1.3854,               0.063911,               0.063911,               0.063911
                    130,                0.01201,                 1.7686,                 1.3794,                0.46853,                0.79523,                0.50963,                0.29503,                0.01317,                 1.7207,                 1.3191,               0.063699,               0.063699,               0.063699
                    131,                0.01255,                 1.9369,                 1.4286,                0.47871,                0.91284,                 0.5565,                0.32562,                0.01242,                 1.6478,                 1.2837,               0.063487,               0.063487,               0.063487
                    132,                0.01169,                 1.7953,                 1.3748,                0.47159,                0.56215,                0.41088,                0.23861,                0.01373,                 2.4362,                 1.4169,               0.063276,               0.063276,               0.063276
                    133,                0.01178,                 1.7949,                 1.3731,                0.46919,                  0.825,                0.54786,                0.32829,                 0.0123,                 1.7564,                 1.2963,               0.063064,               0.063064,               0.063064
                    134,                0.01214,                 1.8564,                 1.3712,                0.45789,                0.84167,                0.51215,                0.33576,                0.01072,                 1.6437,                 1.1787,               0.062852,               0.062852,               0.062852
                    135,                0.01226,                 1.8317,                  1.427,                   0.45,                0.79569,                0.54351,                0.32993,                 0.0127,                 1.7458,                 1.3207,               0.062641,               0.062641,               0.062641
                    136,                0.01241,                   1.82,                 1.4076,                0.45819,                0.77083,                0.50114,                0.26322,                0.01509,                 1.8673,                 1.4348,               0.062429,               0.062429,               0.062429
                    137,                0.01219,                 1.8556,                 1.3731,                0.47111,                0.87916,                0.55431,                0.33738,                0.01203,                  1.671,                 1.2625,               0.062217,               0.062217,               0.062217
                    138,                 0.0127,                  1.787,                 1.4447,                0.46041,                0.73788,                0.51515,                0.31142,                0.01227,                  1.676,                 1.2661,               0.062006,               0.062006,               0.062006
                    139,                0.01251,                 1.9139,                 1.4277,                0.43357,                0.77917,                0.49338,                0.28564,                0.01302,                 1.7076,                  1.314,               0.061794,               0.061794,               0.061794
                    140,                0.01233,                 1.8189,                 1.4025,                0.45809,                0.88363,                0.54622,                0.31236,                0.01315,                 1.8183,                 1.3082,               0.061582,               0.061582,               0.061582
                    141,                0.01202,                 1.7454,                 1.3691,                0.44176,                 0.8799,                0.53174,                0.32415,                0.01196,                 1.6125,                 1.2721,               0.061371,               0.061371,               0.061371
                    142,                0.01223,                 1.7958,                 1.3875,                0.45709,                0.96305,                0.55417,                0.30874,                 0.0137,                 1.6559,                 1.3649,               0.061159,               0.061159,               0.061159
                    143,                0.01144,                 1.7273,                 1.3483,                0.49697,                0.76667,                0.53674,                0.31509,                0.01321,                 1.7068,                 1.3781,               0.060947,               0.060947,               0.060947
                    144,                0.01172,                 1.7603,                 1.3673,                 0.4592,                0.90417,                0.54635,                0.27334,                0.01455,                  1.746,                 1.4438,               0.060735,               0.060735,               0.060735
                    145,                  0.012,                 1.8351,                  1.369,                0.48382,                0.92083,                0.56594,                0.33796,                0.01278,                 1.6986,                 1.3389,               0.060524,               0.060524,               0.060524
                    146,                0.01196,                 1.8037,                 1.3996,                0.43375,                0.92083,                0.54278,                0.29824,                0.01395,                 1.6143,                 1.3692,               0.060312,               0.060312,               0.060312
                    147,                0.01219,                 1.8428,                  1.405,                0.44815,                0.71046,                0.45047,                0.26903,                0.01274,                 2.0625,                 1.3151,                 0.0601,                 0.0601,                 0.0601
                    148,                 0.0112,                  1.904,                 1.3282,                0.46129,                0.82843,                 0.5695,                0.29288,                0.01463,                 1.7356,                 1.4468,               0.059889,               0.059889,               0.059889
                    149,                0.01198,                 1.7311,                 1.3896,                 0.4598,                0.87938,                0.55344,                0.25011,                0.01611,                 1.7401,                 1.5422,               0.059677,               0.059677,               0.059677
                    150,                0.01263,                 1.8342,                 1.4534,                0.44911,                 0.9375,                0.55074,                0.30155,                0.01304,                 1.6191,                   1.31,               0.059465,               0.059465,               0.059465
                    151,                0.01192,                 1.7823,                 1.3584,                0.48063,                0.84167,                0.52129,                0.30431,                0.01244,                 1.7086,                 1.3056,               0.059254,               0.059254,               0.059254
                    152,                 0.0116,                 1.7378,                  1.346,                0.44418,                 0.9082,                0.50701,                0.27984,                0.01277,                 1.6371,                 1.3111,               0.059042,               0.059042,               0.059042
                    153,                0.01157,                 1.7098,                 1.3674,                0.45389,                0.88333,                0.56073,                0.31627,                0.01378,                 1.6857,                 1.3325,                0.05883,                0.05883,                0.05883
                    154,                0.01207,                 1.7542,                 1.3999,                0.48464,                 0.7875,                0.51538,                0.30727,                0.01237,                 1.6359,                 1.2711,               0.058619,               0.058619,               0.058619
                    155,                0.01177,                 1.7392,                 1.3844,                0.46642,                  0.875,                0.57233,                 0.2912,                0.01436,                 1.6977,                 1.3935,               0.058407,               0.058407,               0.058407
                    156,                0.01178,                 1.7561,                 1.3683,                0.46752,                   0.85,                0.55358,                0.29566,                 0.0146,                 1.7109,                 1.4402,               0.058195,               0.058195,               0.058195
                    157,                 0.0122,                 1.8342,                 1.3909,                0.43288,                0.95338,                0.51855,                 0.2935,                0.01333,                 1.6655,                 1.3557,               0.057983,               0.057983,               0.057983
                    158,                0.01118,                 1.6685,                 1.3051,                0.47778,                0.84583,                0.51188,                0.32421,                0.01179,                 1.6418,                 1.2304,               0.057772,               0.057772,               0.057772
                    159,                0.01233,                 1.7567,                 1.3918,                0.44908,                0.85975,                0.53259,                0.31695,                0.01312,                 1.6852,                 1.3332,                0.05756,                0.05756,                0.05756
                    160,                0.01189,                 1.7479,                 1.3783,                0.43941,                0.80417,                0.51985,                0.26877,                0.01484,                 1.7563,                 1.4593,               0.057348,               0.057348,               0.057348
                    161,                0.01194,                  1.838,                 1.3662,                0.42811,                0.90583,                0.46903,                0.28381,                 0.0119,                 1.7284,                  1.284,               0.057137,               0.057137,               0.057137
                    162,                0.01102,                 1.6936,                 1.3118,                0.45257,                0.87917,                0.51308,                0.28252,                0.01373,                 1.6236,                 1.3901,               0.056925,               0.056925,               0.056925
                    163,                0.01166,                 1.6753,                 1.3356,                0.47296,                0.86904,                0.52999,                0.31803,                0.01226,                 1.6254,                 1.2674,               0.056713,               0.056713,               0.056713
                    164,                0.01121,                 1.6886,                 1.3295,                0.46032,                0.85957,                0.55734,                0.31969,                 0.0132,                 1.6555,                 1.3465,               0.056502,               0.056502,               0.056502
                    165,                0.01181,                 1.7219,                  1.338,                0.31619,                    0.3,                0.23443,                0.11499,                0.01602,                 3.2098,                 1.6109,                0.05629,                0.05629,                0.05629
                    166,                0.01149,                 1.7122,                 1.3375,                0.44331,                0.86159,                0.53343,                0.30372,                0.01356,                 1.6058,                 1.3384,               0.056078,               0.056078,               0.056078
                    167,                0.01162,                 1.7496,                 1.3301,                0.46304,                 0.8375,                 0.4824,                0.27736,                0.01348,                  1.625,                 1.3291,               0.055867,               0.055867,               0.055867
                    168,                0.01157,                 1.7667,                 1.3374,                0.43116,                0.85833,                0.46904,                0.26078,                0.01326,                 1.6905,                 1.3462,               0.055655,               0.055655,               0.055655
                    169,                 0.0118,                 1.7502,                 1.3727,                0.44597,                0.78369,                0.50893,                 0.3027,                0.01231,                 1.6272,                 1.2962,               0.055443,               0.055443,               0.055443
                    170,                0.01194,                 1.6419,                 1.3826,                0.46345,                0.87755,                0.57711,                0.30547,                0.01346,                 1.6384,                  1.372,               0.055232,               0.055232,               0.055232
                    171,                 0.0112,                 1.7675,                  1.336,                0.46086,                0.80417,                0.49732,                0.27882,                0.01263,                 1.6702,                 1.3076,                0.05502,                0.05502,                0.05502
                    172,                0.01149,                 1.7379,                 1.3602,                0.45628,                0.80422,                0.53735,                 0.2917,                0.01369,                 1.7329,                 1.3801,               0.054808,               0.054808,               0.054808
                    173,                 0.0119,                 1.7826,                 1.3902,                0.44639,                0.89272,                0.54993,                0.30977,                0.01342,                 1.7007,                 1.3615,               0.054596,               0.054596,               0.054596
                    174,                0.01173,                 1.7483,                 1.3931,                0.46125,                0.85417,                0.53228,                0.29622,                0.01383,                 1.6964,                 1.3964,               0.054385,               0.054385,               0.054385
                    175,                0.01175,                  1.764,                 1.3628,                 0.4928,                0.74795,                0.50231,                0.26809,                0.01431,                 1.7437,                 1.4149,               0.054173,               0.054173,               0.054173
                    176,                0.01215,                 1.6917,                 1.3896,                0.43545,                0.86641,                0.49819,                0.27831,                0.01349,                 1.6757,                 1.3621,               0.053961,               0.053961,               0.053961
                    177,                0.01097,                 1.6573,                 1.3046,                0.44803,                0.82793,                0.56228,                0.32803,                0.01256,                 1.7588,                 1.2858,                0.05375,                0.05375,                0.05375
                    178,                0.01126,                 1.6311,                  1.331,                0.47928,                0.84167,                0.53312,                0.31446,                0.01267,                  1.636,                 1.3183,               0.053538,               0.053538,               0.053538
                    179,                0.01186,                 1.6837,                 1.3582,                0.45928,                0.83331,                0.52487,                0.33283,                0.01192,                 1.6417,                 1.2462,               0.053326,               0.053326,               0.053326
                    180,                0.01148,                 1.6903,                 1.3509,                 0.4734,                0.75417,                0.50965,                0.28125,                0.01421,                 1.8101,                  1.385,               0.053115,               0.053115,               0.053115
                    181,                0.01155,                 1.7284,                 1.3595,                0.46894,                0.80833,                0.51196,                0.28801,                0.01367,                 1.7407,                  1.354,               0.052903,               0.052903,               0.052903
                    182,                0.01157,                 1.6903,                  1.358,                0.44853,                0.87917,                0.47069,                0.26625,                0.01254,                 1.6988,                 1.3002,               0.052691,               0.052691,               0.052691
                    183,                0.01081,                 1.6621,                 1.3052,                0.48538,                 0.8625,                 0.5072,                 0.2991,                0.01243,                 1.8297,                 1.3063,                0.05248,                0.05248,                0.05248
                    184,                0.01073,                 1.6323,                 1.2837,                0.44659,                0.82083,                0.47636,                0.26945,                0.01303,                 1.7521,                 1.3357,               0.052268,               0.052268,               0.052268
                    185,                 0.0113,                  1.693,                 1.3355,                0.46568,                0.84421,                0.54961,                0.32138,                0.01281,                 1.6727,                 1.2913,               0.052056,               0.052056,               0.052056
                    186,                0.01158,                 1.6931,                 1.3835,                0.47744,                0.76667,                0.51149,                0.26327,                0.01441,                  1.711,                 1.4046,               0.051845,               0.051845,               0.051845
                    187,                  0.012,                 1.6901,                 1.3801,                0.41932,                0.85833,                0.53276,                0.31096,                 0.0132,                  1.721,                 1.3487,               0.051633,               0.051633,               0.051633
                    188,                0.01146,                 1.6962,                 1.3393,                0.47809,                0.69861,                0.48747,                0.29991,                0.01166,                 1.8516,                 1.2741,               0.051421,               0.051421,               0.051421
                    189,                0.01112,                  1.602,                 1.3058,                0.46129,                0.77534,                0.52449,                0.34046,                0.01138,                 1.7044,                 1.2456,               0.051209,               0.051209,               0.051209
                    190,                0.01125,                 1.6602,                 1.3075,                0.48021,                0.87773,                0.57758,                0.34221,                0.01284,                 1.6501,                 1.2997,               0.050998,               0.050998,               0.050998
                    191,                0.01021,                 1.6287,                 1.2179,                0.48811,                0.80363,                0.55869,                0.37661,                0.01084,                 1.7408,                 1.2137,               0.050786,               0.050786,               0.050786
                    192,                0.00995,                 1.5066,                 1.2365,                0.50225,                 0.7375,                0.53313,                0.32695,                0.01233,                 1.6603,                 1.2898,               0.050574,               0.050574,               0.050574
                    193,                0.00997,                 1.5469,                  1.208,                0.47202,                0.85833,                0.53285,                0.32729,                0.01254,                 1.7144,                 1.3173,               0.050363,               0.050363,               0.050363
                    194,                0.01102,                 1.5373,                 1.2893,                0.44794,                0.80417,                0.52963,                0.34947,                0.01183,                 1.8184,                 1.2475,               0.050151,               0.050151,               0.050151
                    195,                0.01052,                 1.5867,                 1.2695,                 0.4665,                0.83419,                0.55924,                0.35361,                0.01188,                 1.6394,                 1.2603,               0.049939,               0.049939,               0.049939
                    196,                0.00973,                 1.6009,                 1.2297,                0.45069,                  0.825,                0.49818,                0.31243,                0.01207,                 1.6398,                 1.2786,               0.049728,               0.049728,               0.049728
                    197,                0.01029,                 1.5434,                 1.2405,                0.45532,                0.87917,                0.50382,                0.30097,                0.01179,                 1.6522,                 1.2628,               0.049516,               0.049516,               0.049516
                    198,                0.01077,                 1.5475,                 1.3005,                 0.5102,                0.80417,                 0.5197,                0.31044,                0.01262,                 1.7208,                 1.3325,               0.049304,               0.049304,               0.049304
                    199,                0.00991,                 1.5827,                  1.247,                0.46708,                0.81299,                0.54311,                0.32181,                0.01288,                 1.6817,                  1.363,               0.049093,               0.049093,               0.049093
                    200,                0.01048,                 1.5734,                  1.297,                0.47352,                0.82919,                0.56327,                0.35519,                0.01177,                 1.6426,                 1.2754,               0.048881,               0.048881,               0.048881
